<soapenv:Envelope xmlns:soapenv="http://schemas.xmlsoap.org/soap/envelope/" xmlns:sec="http://xml.amadeus.com/2010/06/Security_v1" xmlns:typ="http://xml.amadeus.com/2010/06/Types_v1" xmlns:iat="http://www.iata.org/IATA/2007/00/IATA2010.1" xmlns:app="http://xml.amadeus.com/2010/06/AppMdw_CommonTypes_v3" xmlns:link="http://wsdl.amadeus.com/2010/06/ws/Link_v1" xmlns:ses="http://xml.amadeus.com/2010/06/Session_v3" xmlns:flir="http://xml.amadeus.com/FLIREQ_97_3_1A">
<soapenv:Header xmlns:wsa="http://www.w3.org/2005/08/addressing">
<sec:AMA_SecurityHostedUser>
<sec:UserID POS_Type="1" RequestorType="U" PseudoCityCode="TYONH0100" AgentDutyCode="RC">
<typ:RequestorID>
<iat:CompanyName>NH</iat:CompanyName>
</typ:RequestorID>
</sec:UserID>
</sec:AMA_SecurityHostedUser>
<wsse:Security xmlns:wsse="http://docs.oasis-open.org/wss/2004/01/oasis-200401-wss-wssecurity-secext-1.0.xsd" xmlns:wsu="http://docs.oasis-open.org/wss/2004/01/oasis-200401-wss-wssecurity-utility-1.0.xsd">
<wsse:UsernameToken>
<wsse:Username>DMSPSS</wsse:Username>
<wsse:Password Type="http://docs.oasis-open.org/wss/2004/01/oasis-200401-wss-username-token-profile-1.0#PasswordDigest">/40v3MwmmvDZ4zFS1WbPCuxTYyo=</wsse:Password>
<wsse:Nonce EncodingType="http://docs.oasis-open.org/wss/2004/01/oasis-200401-wss-soap-message-security-1.0#Base64Binary">UHVRUm2SFU7Zvz9ljbfeSQ==</wsse:Nonce>
<wsu:Created>2020-05-01T07:08:36.332Z</wsu:Created>
</wsse:UsernameToken>
</wsse:Security>
<wsa:Action>http://webservices.amadeus.com/FLIREQ_97_3_1A</wsa:Action><wsa:MessageID>uuid:2078c2e0-4873-4d91-b372-c5dd0ba72f75</wsa:MessageID><wsa:To>https://nodeA1.test.webservices.amadeus.com/1ASIWGENNH</wsa:To></soapenv:Header>
<soapenv:Body>
<Air_FlightInfo>
<generalFlightInfo>
<companyDetails>
<marketingCompany>NH</marketingCompany>
</companyDetails>
<flightIdentification>
<flightNumber>377</flightNumber>
</flightIdentification>
</generalFlightInfo>
</Air_FlightInfo>
</soapenv:Body>
</soapenv:Envelope>